Vehicle,Make,Model,Series,Year,ImageURL
ASR_OWC_2004_F2004,Ferrari,Formula 1 04,Formula 1,2004.0,
AASMG Alpine A480 LMH,Alpine,A480LMH,LMH,,
AC_427SC_1967,AC ,Cobra 67,Historic,1967.0,
AM_WSC70_Ferrari_512S,Ferrari,512S,Historic,1970.0,
AM_WSCO_Porsche_917k,Porsche,917k,Historic,1970.0,
ASM DPi Acura,Acura,Prototype,DPi,,
ASMG ByKolles,ByKolles,LMP1,LMP1,,
ASMG Clio RS Cup V,Renault,Clio RS Cup V,Cup,2023.0,
ASMG DW Sivia S15,Nissan,Silvia S15,Drift,,
ASMG Ferrari 499P LMH,Ferrari,499P LMH,LMH,,
ASMG Formula Hybrid 22,Formula,Formula 1,F1,,
ASMG Formula Hybrid 25,Formula,Formula 1,F1,,
ASMG Mazda MK-5 Cup,Mazda,MX5 Cup ND2,Cup,,
ASMG Porsche 963,Porsche,963 LMH,LMH,,
Abarth 850 TC,Fiat,Abarth 850 TC,,,
Ariel Atom V8,Ariel,Atom V8,Cup,,
AstonMartin Vantage,Aston Martin,Vantage GTE,GTE,2019.0,
Aston_Martin_DB4,Aston Martin,DB4,,,
AstonMartin_Vantage_GT3_2019,Aston Martin,Vantage GT3,GT3,2019.0,
"Aud|_R8LMS_GT3_2018,",Audi,R8 LMS GT3,GT3,2018.0,
Aud|_R8LMS_GT3_2019,Audi,R8 LMS GT3,GT3,2019.0,
BES Audi RE LMS,Audi,R8 LMS  ,,,
Austin Healey,Austin,Healey,,,
BES Ferrari F458 GT3,Ferrari,F458 GT3,GT3,,
BES Lamborghini Gallardo GT3,Lamborghini,Gallardo GT3,GT3,,
BES Porsche 997 GTS,Porsche,997 GT3,GT3,,
BMW _330_2020,BMW,330,,2020.0,
BMW _M4_GT3_2020,BMW,M4 GT3,GT3,,
BMW _M6_GT3_2018,BMW,M6 GT3,GT3,,
BMW_M2_CS_2020,BMW,M2 CS,,2020.0,
BMW_M4_Class1_2021,BMW,M4  ,,2021.0,
BMW_M4_GT3_2020,BMW,M4 GT3,GT3,,
BMW_M8_GTE_2018,BMW,M8 GTE,GTE,2018.0,
BREngineering_BR1_LMP1_2019,BR Engineering,BR1 LMP1,LMP1,2019.0,
Bentley Continental_GT3_2020,Bentley,Continental GT3 2020,,,
Bentley _Continental_GT3_2017,Bentley,Continental GT3 2017,,,
BmwCSL,BMW,CSL,,,
Bizzarrini_S300GT,Bizzarrini,5300GT,,,
Brabham _BT44_1975,Brabham,BT44,,1975.0,
Brabham_1966,Brabham,1966,,1966.0,
C6R-2009,Chevrolet,Corvette C6 R,GTE,2012.0,
Cupra_Leon_2021,Cupra,Leon,BTCC,2021.0,
Cadilac_DPi_2020,Cadillac,Dpi,,2020.0,
Calaway Corvette_GT3_2017,Calaway,Corvette C7 GT3,GT3,2017.0,
Camaro_2012,Chevrolet,Camaro,,2012.0,
Caterham_Academy_2021,Caterham,Academy,,2021.0,
Chevrolet_Corvette c2,Chevrolet,Corvette C2 ,,,
Cliocup_2010,Clio ,Cup,Cup,2010.0,
CorvetteC3,Chevrolet,Corvette C3,,,
Corvette_C7R_GTE_2017,Chevrolet,Corvette C7R GTE,GTE,2017.0,
Corvette_C8R_GTE_2020,Chevrolet,Covette C8R GTE,GTE,2020.0,
Corvette C6_ PC,Chevrolet,Corvette C6,,,
DallaraDw12_2014,Dallara,Indy Car,Indy,2014.0,
DallaralR 18_2020,Dallara,Indy Car,Indy,2020.0,
Detomaso_Pantera_1974,Detomaso,Pantera,Historic,1974.0,
ER _AlpineSeries rF2,Alpine,A110,Cup,,
F1 1986 Simracers,Formula 1,Formula 1 86,Historic,1986.0,
F1 1988 Historical Editon Cars 3.1,Formula 1,Formula 1 88,Historic,1988.0,
F2_2020,Formula 2,Formula 2 20,Formula 2,,
FIAT_128_1F2,Fiat,128,,,
"FVR_V8Supercars_2021,ZB",V8 Supercars,V8 Supercars,V8 Supercars,2021.0,
FVR_V8Supercars_2021_FM,V8 Supercars,V8 Supercars,V8 Supercars,2021.0,
Ferrari Daytona_GTB4_1974,Ferrari,Daytona GTB 74,,1974.0,
Ferrari_250GT,Ferrari ,250 GT,,,
Ferrari_250GTO,Ferrari,250 GTO,,,
Ferrari_488_GT3_2020,Ferrari,488 GT3 20,GT3,2020.0,
Ferrari_488_GTE_2020,Ferrari,488 GTE 20,GTE,2020.0,
Focus_BTCC_2020,Ford,Focus,BTCC,2020.0,
Ford GT GTi,Ford,GT,Group 2,,
Ford_Mustang289,Ford,Mustang 289,Historic,1960.0,
Fordcapri,Ford,Capri,BTCC,,
Formula2_2012,Formula 2,Formula 2 12,Formula 2,2012.0,
FormulaPro_2021,Formula 1,Formula 1 21,Formula 1,2021.0,
FormulaRenault_35_2014,Formula Renault,Formula Renault,Formula Renault,2014.0,
FunCup 2006,Fun Cup,Fun Cup,Fun Cup,2006.0,
Fvee_2018,Formula Vee,Formula Vee,Formula Vee,2018.0,
Ginetta_G60LTP1_LMP1_2019,Ginetta,G60 LMP1,LMP1,2019.0,
Historic Challenge EVE 1968,Eve,"F1, F2, F4 1960s",Historic,,
Historic Challenge Spark 1968,Spark,"F1, F2, F4 1960s",,,
HondaCivic2021,Honda,Civic Type R 21,BTCC,2021.0,
HondaCivicBTCC2013,Honda ,Civic 13,BTCC,2013.0,
Howston Diss 1974,Howston,Diss 1974 stock car,Historic,1974.0,
Howston G4 1968,Howston ,G4 1968,Historic,1968.0,
Howston G6 1968,Howston,G6 1968,Historic,1968.0,
Hyundai i30,Hyundai,i30,,,
ISI_Chevrolet_Corvette_Coupe 2012,Chevrolet,Corvette Coupe 12,,2012.0,
ISI Checvrolet Corvette Grand Sport,Chevrolet,Corvette Grand Sport 12,,2012.0,
ISI Chevrolet Corvette Z06 12,Chevrolet,Corvette Z06 2012,,2012.0,
ISI Chevrolet Corvette ZR1 12,Chevrolet,Corvette ZR1 2012,,2012.0,
ISI Honda NSX 1991,Honda,NSX,,1991.0,
ISI Interceptor,,,,,
ISI Mercedes SLS Safety Car 2012,Mercedes,SLS Safety Car 12,,2012.0,
ISI Formula Renault 35 2010,Formula Renault,Formula Renault 3.5,Formula Renault,2010.0,
Jaquar_e-type,Jaguar,E-Type,,,
Kart Cup,Kart,Kart,Kart,2014.0,
KS t4 Series 2022,KartSim,T4 225 Kart,Kart,,
Legends Trophy Cars,Legends,Trophy Cars,Dirt,,
Lada VFTS,Lada,VFTS,Historic,,
LeMons,Lemons,literally lemons,meme,,
Ligier JSP217 2020,Ligier,JSP217,LMP2,,
Ligier JSP320 2020,Ligier,JSP320,LMP3,,
Lotus Cortina,Lotus,Cortina,,,
MAK-Corp Group C,"Mazda, Honda",3 Group C cars,Group C,1991.0,
MAK-Corp Williams FW26,Williams,FW26 Formula 1,Historic,,
MCR2000 2018,MCR,MCR2000,Cup,2018.0,
March M761 1976,Formula 1,Formula 1 1977,Formula 1,1976.0,
Marussia 2012,Formula 1/indy?,Formula 1 2012,Formula 1,2012.0,
Mclaren 650S GT3 2017,Mclaren,650S GT3 17,GT3,2017.0,
Mclaren 720S GT3 2018,Mclaren,720 S GT3 18,GT3,2018.0,
Mclaren M23 1975,Mclaren,M23 75,Historic,,
Mcaren_MP4_13 1998,Mclaren,MP 4/13 Formula 1,Historic,1998.0,
Mclaren MP 4/8 1993,Mclaren,MP 4/8 Formula 1,Historic,1993.0,
Mclaren Senna GTR 2019,Mclaren,Senna GTR 19,GTR,2019.0,
Mercedes 300SL,Mercedes,300SL,,,
Mercedes AMG GT3 2017,Mercedes,AMG GT3,GT3,2017.0,
Metalmoro AJR 2018,MetalMoro,"AJR 18, Chevy V8, Hond",Prototypes,2018.0,
Metalmoro MR18 2018,MetalMoro,MR 18,Prototypes,2018.0,
MiniCooperS_1965,MINI,CooperS 65,Historic,1965.0,
Mini_Challenge,MINI ,Challenge,Cup,,
NASCAR Craftsman Trucks 2023,Nascar,Trucks 23,Nascar,2023.0,
Nissan_GT500_2013,Nissan,GT500 13,GT500,2013.0,
Norma_M30-LMP3_2017,Norma,M30 LMP3,LMP3,2017.0,
Oreca 07 LMP2 2017,Oreca,LMP2,LMP2,2017.0,
Palatov_D4,Palatov,D4,Trackday,,
Panoz_AlV_Roadster_1999,Panoz,AIV Roadster 99,,1999.0,
Porsche RSR,Porsche,RSR,Historic,,
Porsche 904,Porsche,904 GT Revival,Historic,,
Porsche 911. GT3_R_2018,Porsche,911 GT3 18,GT3,2018.0,
Porsche_991RSR_GTE_2017,Porsche,991 RSR GTE 17,GTE,2017.0,
Porsche_992.GT3_Cup_2022,Porsche,992 GT3 Cup 22,Cup,2022.0,
Porsche_Cup_GT4_2020,Porsche,Cayman GT4,GT4,2020.0,
Puma_GTE_2018,Puma,GTE 18,Historic,2018.0,
Puma_P052_2018,Puma,P052 18,GT4,2018.0,
Q50_BTcc(v37)_2020,Infiniti,Q50 20,BTCC,2020.0,
R8_Gordini,Lada,,,,
RSRFDLMS197,Late models and short track,Late Model,Dirt,,
RUF_CTR_YB_RSTR,RUF,CTR YellowBird,,,
Radical RXC_GT3_2017,Radical,RXC GT3 17,GT3,2017.0,
Radical SR3-RSX_2017,Radical,RSX 17,,2017.0,
Radical SR3-XX_2020,Radical ,SR3-XX 20,Cup,2020.0,
Rebelion R13_LMP1_2020,Rebellion,R13 LMP1,LMP1,2020.0,
Reliant Robin Mk. 1,Reliant,Robin Mk1,Historic,,
Renauit_MeganeTrophyll_2013,Renault,Megane Trophy,Cup,2013.0,
SC2018X_2018,Nascar,Xfiniti Stock Car,Nascar,2018.0,
SC2018_2018,Nascar,Cup Series Stock Car,Nascar,2018.0,
SGS_2025_Chevrolet Corvette Z06 GT3R,Chevrolet,Corvette Z06 GT3R,GT3,2024.0,
SGS_2025 Aston_Martin_Vantage_Evo_GT3 2024,Aston Martin,Vantage Evo GT3,GT3,2024.0,
SG5_2025_Ford_Mustang_GT3,Ford,Mustang GT3,GT3,2024.0,
SG5_2025_Lexus_RCF_GT3_2017,Lexus,RCF GT3,GT3,2017.0,
SGS_2025 Ferrari_296_GT3_2023,Ferrari,296 GT3,GT3,2023.0,
SGS_2025 Porsche 911_GT3_2023,Porsche,911 GT3 23,GT3,2023.0,
"SGS_2025_BMW_M4.EVO_GT3_2024 0.18,",BMW,M4 Evo GT3,GT3,2024.0,
"SGS_2025_Mclaren_720s_Evo_GT3_2023 0.18,",Mclaren,720S Evo GT3,GT3,2023.0,
SGS_2025_Lambo_Hur_E2,Lamborghini,Hurucan GT3,GT3,2021.0,
SGS_TA2_Chevrolet_Camaro,Chevrolet,Camaro,,,
SGS_TA2_Dodge_Challenger,Dodge,Challenger,,,
SGS_TA2_Ford_Mustang,Ford,Mustang,,,
STK 488 GT3,Ferrari,488 GT3 STK,GT3,,
STK AMG GT3,Mercedes ,AMG GT3 STK,GT3,,
STK BMW M6 GT3,BMW,M6 GT3 STK,GT3,,
STK Bentley GT3,Bentley,Continental GT3 STK,GT3,,
STK Camaro GT3,Chevrolet,Camaro GT3 STK,GT3,,
STK991GT3R,Porsche,991 GT3 R STK,GT3,,
STK Huracan GT3,Lamborghini,Hurucan GT# STK,GT3,,
"STKMd,650s GT3",Mclaren,650s GT3 STK,GT3,,
Shelby_Cobra_Hardtop,Shelby,Cobra,Historic,,
TCC_FORD_MONDEO_ST,Ford,Mondeo,,,
TCC_OPEL_VECTRA_STW,Opel,Vectra,,,
TCC_PEUGEOT_405_STW,Peugot,405,,,
TCC_VAUNHALL_CAVALIER_GSI,Vauxhall,Cavalier,,,
Tatuus_PM-18_2018,Tatuus,PM18 Indy Style,Indy,,
Toyota _Coralla_2020,Toyota,Corolla 20,BTCC,2020.0,
Toyota_TS050_1MP1_2020,Toyota,TS050 LMP1,LMP1,2020.0,
URD GT500 HSvO106T,URD,GT500,,,
Vanwall_LMH_2022,Vanwall,LeMans,LMH,,
Vauxhall_Astra_2020,Vauxhall,Astra 20,,,
eX_ZERO_2021,exZero,EexZero 2021,,,
